<migration urlid="http://www.microsoft.com/migration/1.0/migxmlext/AdobeSettings">
<component context="User" type="Application"> 
  <displayName>Component to migrate all Adobe settings including subfolders</displayName>
  <role role="Data">
    <rules>
      <include>
        <objectSet>
          <pattern type="File">%CSIDL_LOCAL_APPDATA%\Adobe\* [*]</pattern>
		  <pattern type="File">%CSIDL_APPDATA%\Adobe\* [*]</pattern>
        </objectSet>
      </include>
    </rules>
  </role>
</component>
</migration>
