<migration urlid="http://usmtgui.ehler.dk/AppdataRoaming">

<!-- This section will exclusively migrate AppdataRoaming -->
      
   <component type="Documents" context="User">
        <displayName _locID="miguser.appdata">AppDataRoaming</displayName>
        <paths>
            <path type="File">%CSIDL_APPDATA%</path>
        </paths>
        <role role="Data">
              <rules>
                <include filter='MigXmlHelper.IgnoreIrrelevantLinks()'>
                    <objectSet>
                        <pattern type="File">%CSIDL_APPDATA%\* [*]</pattern>
                    </objectSet>
                </include>
             </rules>
        </role>
    </component> 

</migration>