<?xml version="1.0" encoding="UTF-8"?>
<migration urlid="http://www.microsoft.com/migration/1.0/migxmlext/miguser">

    <_locDefinition>
     <_locDefault _loc="locNone"/>
     <_locTag _loc="locData">displayName</_locTag>
    </_locDefinition>

   
   
    <!-- This component migrates Start Menu files -->
    <component type="System" context="User">
        <displayName _locID="miguser.startmenu">Start Menu</displayName>
        <paths>
            <path type="File">%CSIDL_STARTMENU%</path>
        </paths>
        <role role="Settings">
            <detects>
                <detect>
                    <condition>MigXmlHelper.DoesObjectExist("File","%CSIDL_STARTMENU%")</condition>
                </detect>
            </detects>
            <rules>
                <include filter='MigXmlHelper.IgnoreIrrelevantLinks()'>
                    <objectSet>
                        <pattern type="File">%CSIDL_STARTMENU%\* [*]</pattern>
                    </objectSet>
                </include>
                <merge script="MigXmlHelper.DestinationPriority()">
                    <objectSet>
                        <pattern type="File">%CSIDL_STARTMENU% [desktop.ini]</pattern>
                        <pattern type="File">%CSIDL_STARTMENU%\* [*]</pattern>
                    </objectSet>
                </merge>
            </rules>
        </role>
    </component>

   

   
</migration>

