<?xml version="1.0" encoding="UTF-8"?>
<migration urlid="http://www.microsoft.com/migration/1.0/migxmlext/HKLM_excludes">
   <component type="Documents" context="User">
      <displayName>Test</displayName>
      <role role="Data">
         <rules>
            <unconditionalExclude>
               <objectSet>
                  <pattern type="Registry">HKLM\SOFTWARE\Microsoft\Windows Defender\*[*]</pattern>
               </objectSet>
            </unconditionalExclude>
         </rules>
      </role>
   </component>
</migration>
