<?xml version="1.0" encoding="UTF-8"?>
<migration urlid="http://www.microsoft.com/migration/1.0/migxmlext/migDownloads">

    <_locDefinition>
     <_locDefault _loc="locNone"/>
     <_locTag _loc="locData">displayName</_locTag>
    </_locDefinition>

	<!-- This component migrates My Downloads files  -->
    <component type="Documents" context="User">
        <displayName _locID="miguser.mydownloads">My Downloads Folder</displayName>
        <paths>
            <path type="File">%FOLDERID_DOWNLOADS%</path>
        </paths>
        <role role="Data">
            <detects>          
                <detect>
                    <condition>MigXmlHelper.DoesObjectExist("File","%FOLDERID_DOWNLOADS%")</condition>
                </detect>
            </detects>
            <rules>
                <include filter='MigXmlHelper.IgnoreIrrelevantLinks()'>
                    <objectSet>
                        <pattern type="File">%FOLDERID_DOWNLOADS%\* [*]</pattern>
                    </objectSet>
                </include>
                <merge script="MigXmlHelper.DestinationPriority()">
                    <objectSet>
                        <pattern type="File">%FOLDERID_DOWNLOADS% [desktop.ini]</pattern>
                    </objectSet>
                </merge>
            </rules>
        </role>
    </component> 
</migration>