﻿<?xml version="1.0" encoding="UTF-8"?>
<migration urlid="http://www.microsoft.com/migration/1.0/migxmlext/miguser__Profile_only">

    <_locDefinition>
     <_locDefault _loc="locNone"/>
     <_locTag _loc="locData">displayName</_locTag>
    </_locDefinition>

    <!-- This component migrates My Video files -->
    <component type="Documents" context="User">
        <displayName _locID="miguser.myvideo">My Video</displayName>
        <paths>
            <path type="File">%CSIDL_MYVIDEO%</path>
        </paths>
        <role role="Data">
            <detects>
                <detect>
                    <condition>MigXmlHelper.DoesObjectExist("File","%CSIDL_MYVIDEO%")</condition>
                </detect>
            </detects>
            <rules>
                <include filter='MigXmlHelper.IgnoreIrrelevantLinks()'>
                    <objectSet>
                        <pattern type="File">%CSIDL_MYVIDEO%\* [*]</pattern>
                    </objectSet>
                </include>
                <merge script="MigXmlHelper.DestinationPriority()">
                    <objectSet>
                        <pattern type="File">%CSIDL_MYVIDEO% [desktop.ini]</pattern>
                    </objectSet>
                </merge>
            </rules>
        </role>
    </component>

    <!-- This component migrates Shared Video files -->
    <component type="Documents" context="System">
        <displayName _locID="miguser.sharedvideo">Shared Video</displayName>
        <paths>
            <path type="File">%CSIDL_COMMON_VIDEO%</path>
        </paths>
        <role role="Data">
            <detects>
                 <detect>
                     <condition>MigXmlHelper.DoesObjectExist("File","%CSIDL_COMMON_VIDEO%")</condition>
                 </detect>
            </detects>
            <rules>
                <include filter='MigXmlHelper.IgnoreIrrelevantLinks()'>
                    <objectSet>
                        <pattern type="File">%CSIDL_COMMON_VIDEO%\* [*]</pattern>
                    </objectSet>
                </include>
                <merge script="MigXmlHelper.DestinationPriority()">
                    <objectSet>
                        <pattern type="File">%CSIDL_COMMON_VIDEO% [desktop.ini]</pattern>
                    </objectSet>
                </merge>
            </rules>
        </role>
    </component>

    <!-- This component migrates My Music files -->
    <component type="Documents" context="User">
        <displayName _locID="miguser.mymusic">My Music</displayName>
        <paths>
            <path type="File">%CSIDL_MYMUSIC%</path>
        </paths>
        <role role="Data">
            <detects>
                <detect>
                    <condition>MigXmlHelper.DoesObjectExist("File","%CSIDL_MYMUSIC%")</condition>
                </detect>
            </detects>
            <rules>
                <include filter='MigXmlHelper.IgnoreIrrelevantLinks()'>
                    <objectSet>
                        <pattern type="File">%CSIDL_MYMUSIC%\* [*]</pattern>
                    </objectSet>
                </include>
                <merge script="MigXmlHelper.DestinationPriority()">
                    <objectSet>
                        <pattern type="File">%CSIDL_MYMUSIC%\ [desktop.ini]</pattern>
                    </objectSet>
                </merge>
            </rules>
        </role>
    </component>

    <!-- This component migrates Shared Music files -->
    <component type="Documents" context="System">
        <displayName _locID="miguser.sharedmusic">Shared Music</displayName>
        <paths>
            <path type="File">%CSIDL_COMMON_MUSIC%</path>
        </paths>
        <role role="Data">
            <detects>
                <detect>
                    <condition>MigXmlHelper.DoesObjectExist("File","%CSIDL_COMMON_MUSIC%")</condition>
                </detect>
            </detects>
            <rules>
                <include filter='MigXmlHelper.IgnoreIrrelevantLinks()'>
                    <objectSet>
                        <pattern type="File">%CSIDL_COMMON_MUSIC%\* [*]</pattern>
                    </objectSet>
                </include>
                <merge script="MigXmlHelper.DestinationPriority()">
                    <objectSet>
                        <pattern type="File">%CSIDL_COMMON_MUSIC%\ [desktop.ini]</pattern>
                    </objectSet>
                </merge>
            </rules>
        </role>
    </component>

    <!-- This component migrates Desktop files -->
    <component type="Documents" context="User">
        <displayName _locID="miguser.desktop">Desktop</displayName>
        <paths>
            <path type="File">%CSIDL_DESKTOP%</path>
        </paths>
        <role role="Settings">
            <detects>
                <detect>
                    <condition>MigXmlHelper.DoesObjectExist("File","%CSIDL_DESKTOP%")</condition>
                </detect>
            </detects>
            <rules>
                <include filter='MigXmlHelper.IgnoreIrrelevantLinks()'>
                    <objectSet>
                        <pattern type="File">%CSIDL_DESKTOP%\* [*]</pattern>
                    </objectSet>
                </include>
                <merge script="MigXmlHelper.DestinationPriority()">
                    <objectSet>
                        <pattern type="File">%CSIDL_DESKTOP% [desktop.ini]</pattern>
                        <pattern type="File">%CSIDL_DESKTOP%\* [*]</pattern>
                    </objectSet>
                </merge>
            </rules>
        </role>
    </component>

    <!-- This component migrates Shared Desktop files -->
    <component type="Documents" context="System">
        <displayName _locID="miguser.shareddesktop">Shared Desktop</displayName>
        <paths>
            <path type="File">%CSIDL_COMMON_DESKTOPDIRECTORY%</path>
        </paths>
        <role role="Settings">
            <detects>
                 <detect>
                     <condition>MigXmlHelper.DoesObjectExist("File","%CSIDL_COMMON_DESKTOPDIRECTORY%")</condition>
                 </detect>
            </detects>
            <rules>
                <include filter='MigXmlHelper.IgnoreIrrelevantLinks()'>
                    <objectSet>
                        <pattern type="File">%CSIDL_COMMON_DESKTOPDIRECTORY%\* [*]</pattern>
                    </objectSet>
                </include>
                <merge script="MigXmlHelper.DestinationPriority()">
                    <objectSet>
                        <pattern type="File">%CSIDL_COMMON_DESKTOPDIRECTORY% [desktop.ini]</pattern>
                        <pattern type="File">%CSIDL_COMMON_DESKTOPDIRECTORY%\* [*]</pattern>
                    </objectSet>
                </merge>
            </rules>
        </role>
    </component>

    <!-- This component migrates Start Menu files -->
    <component type="System" context="User">
        <displayName _locID="miguser.startmenu">Start Menu</displayName>
        <paths>
            <path type="File">%CSIDL_STARTMENU%</path>
        </paths>
        <role role="Settings">
            <detects>
                <detect>
                    <condition>MigXmlHelper.DoesObjectExist("File","%CSIDL_STARTMENU%")</condition>
                </detect>
            </detects>
            <rules>
                <include filter='MigXmlHelper.IgnoreIrrelevantLinks()'>
                    <objectSet>
                        <pattern type="File">%CSIDL_STARTMENU%\* [*]</pattern>
                    </objectSet>
                </include>
                <merge script="MigXmlHelper.DestinationPriority()">
                    <objectSet>
                        <pattern type="File">%CSIDL_STARTMENU% [desktop.ini]</pattern>
                        <pattern type="File">%CSIDL_STARTMENU%\* [*]</pattern>
                    </objectSet>
                </merge>
            </rules>
        </role>
    </component>

    <!-- This component migrates Shared Start Menu files -->
    <component type ="System" context="System">
        <displayName _locID="miguser.sharedstartmenu">Shared Start Menu</displayName>
        <paths>
            <path type="File">%CSIDL_COMMON_STARTMENU%</path>
        </paths>
        <role role="Settings">
            <detects>
                <detect>
                    <condition>MigXmlHelper.DoesObjectExist("File","%CSIDL_COMMON_STARTMENU%")</condition>
                </detect>
            </detects>
            <rules>
                <include filter='MigXmlHelper.IgnoreIrrelevantLinks()'>
                    <objectSet>
                        <pattern type="File">%CSIDL_COMMON_STARTMENU%\* [*]</pattern>
                    </objectSet>
                </include>
                <merge script="MigXmlHelper.DestinationPriority()">
                    <objectSet>
                        <pattern type="File">%CSIDL_COMMON_STARTMENU% [desktop.ini]</pattern>
                        <pattern type="File">%CSIDL_COMMON_STARTMENU%\* [*]</pattern>
                    </objectSet>
                </merge>
            </rules>
        </role>
    </component>

    <!-- This component migrates My Documents files -->
    <component type="Documents" context="User">
        <displayName _locID="miguser.mydocs">My Documents</displayName>
        <paths>
            <path type="File">%CSIDL_PERSONAL%</path>
        </paths>
        <role role="Data">
            <detects>
                <detect>
                    <condition>MigXmlHelper.DoesObjectExist("File","%CSIDL_PERSONAL%")</condition>
                </detect>
            </detects>
            <rules>
                <exclude>
                    <objectSet>
                        <pattern type="File">%CSIDL_MYMUSIC%\* [*]</pattern>
                        <pattern type="File">%CSIDL_MYPICTURES%\* [*]</pattern>
                        <pattern type="File">%CSIDL_MYVIDEO%\* [*]</pattern>
                    </objectSet>
                </exclude>
                <include filter='MigXmlHelper.IgnoreIrrelevantLinks()'>
                    <objectSet>
                        <pattern type="File">%CSIDL_PERSONAL%\* [*]</pattern>
                    </objectSet>
                </include>
                <merge script="MigXmlHelper.DestinationPriority()">
                    <objectSet>
                        <pattern type="File">%CSIDL_PERSONAL% [desktop.ini]</pattern>
                    </objectSet>
                </merge>
            </rules>
        </role>
    </component>

    <!-- This component migrates Shared My Documents files -->
    <component type="Documents" context="System">
        <displayName _locID="miguser.shareddocs">Shared Documents</displayName>
        <paths>
            <path type="File">%CSIDL_COMMON_DOCUMENTS%</path>
        </paths>
        <role role="Data">
            <detects>
                <detect>
                    <condition>MigXmlHelper.DoesObjectExist("File","%CSIDL_COMMON_DOCUMENTS%")</condition>
                </detect>
                <detect>
                    <condition negation="Yes">MigXmlHelper.IsSameObject("File","%CSIDL_PERSONAL%", "%CSIDL_COMMON_DOCUMENTS%")</condition>
                </detect>
            </detects>
            <rules>
                <exclude>
                    <objectSet>
                        <pattern type="File">%CSIDL_COMMON_PICTURES%\* [*]</pattern>
                        <pattern type="File">%CSIDL_COMMON_MUSIC%\* [*]</pattern>
                        <pattern type="File">%CSIDL_COMMON_VIDEO%\* [*]</pattern>
                    </objectSet>
                </exclude>
                <include filter='MigXmlHelper.IgnoreIrrelevantLinks()'>
                    <objectSet>
                        <pattern type="File">%CSIDL_COMMON_DOCUMENTS%\* [*]</pattern>
                    </objectSet>
                </include>
                <merge script="MigXmlHelper.DestinationPriority()">
                    <objectSet>
                        <pattern type="File">%CSIDL_COMMON_DOCUMENTS% [desktop.ini]</pattern>
                    </objectSet>
                </merge>
            </rules>
        </role>
    </component>

    <!-- This component migrates My Pictures files -->
    <component type="Documents" context="User">
        <displayName _locID="miguser.mypics">My Pictures</displayName>
        <paths>
            <path type="File">%CSIDL_MYPICTURES%</path>
        </paths>
        <role role="Data">
            <detects>
                <detect>
                    <condition>MigXmlHelper.DoesObjectExist("File","%CSIDL_MYPICTURES%")</condition>
                </detect>
            </detects>
            <rules>
                <include filter='MigXmlHelper.IgnoreIrrelevantLinks()'>
                    <objectSet>
                        <pattern type="File">%CSIDL_MYPICTURES%\* [*]</pattern>
                    </objectSet>
                </include>
                <merge script="MigXmlHelper.DestinationPriority()">
                    <objectSet>
                        <pattern type="File">%CSIDL_MYPICTURES% [desktop.ini]</pattern>
                    </objectSet>
                </merge>
            </rules>
        </role>
    </component>

    <!-- This component migrates Shared Pictures files -->
    <component type="Documents" context="System">
        <displayName _locID="miguser.sharedpics">Shared Pictures</displayName>
        <paths>
            <path type="File">%CSIDL_COMMON_PICTURES%</path>
        </paths>
        <role role="Data">
            <detects>
                <detect>
                    <condition>MigXmlHelper.DoesObjectExist("File","%CSIDL_COMMON_PICTURES%")</condition>
                </detect>
            </detects>
            <rules>
                <include filter='MigXmlHelper.IgnoreIrrelevantLinks()'>
                    <objectSet>
                        <pattern type="File">%CSIDL_COMMON_PICTURES%\* [*]</pattern>
                    </objectSet>
                </include>
                <merge script="MigXmlHelper.DestinationPriority()">
                    <objectSet>
                        <pattern type="File">%CSIDL_COMMON_PICTURES% [desktop.ini]</pattern>
                    </objectSet>
                </merge>
            </rules>
        </role>
    </component>

    <!-- This component migrates Favorites -->
    <component type="System" context="User">
        <displayName _locID="miguser.favs">Favorites</displayName>
        <paths>
            <path type="File">%CSIDL_FAVORITES%</path>
        </paths>
        <role role="Settings">
            <detects>
                <detect>
                    <condition>MigXmlHelper.DoesObjectExist("File","%CSIDL_FAVORITES%")</condition>
                </detect>
            </detects>
            <rules>
                <include filter='MigXmlHelper.IgnoreIrrelevantLinks()'>
                    <objectSet>
                        <pattern type="File">%CSIDL_FAVORITES%\* [*]</pattern>
                    </objectSet>
                </include>
                <merge script="MigXmlHelper.DestinationPriority()">
                    <objectSet>
                        <pattern type="File">%CSIDL_FAVORITES% [desktop.ini]</pattern>
                        <pattern type="File">%CSIDL_FAVORITES%\* [*]</pattern>
                    </objectSet>
                </merge>
            </rules>
        </role>
    </component>

    <!-- This component migrates Shared Favorites -->
    <component type="System" context="System">
        <displayName _locID="miguser.sharedfavs">Shared Favorites</displayName>
        <paths>
            <path type="File">%CSIDL_COMMON_FAVORITES%</path>
        </paths>
        <role role="Settings">
            <detects>
                <detect>
                    <condition>MigXmlHelper.DoesObjectExist("File","%CSIDL_COMMON_FAVORITES%")</condition>
                </detect>
            </detects>
            <rules>
                <include filter='MigXmlHelper.IgnoreIrrelevantLinks()'>
                    <objectSet>
                        <pattern type="File">%CSIDL_COMMON_FAVORITES%\* [*]</pattern>
                    </objectSet>
                </include>
                <merge script="MigXmlHelper.DestinationPriority()">
                    <objectSet>
                        <pattern type="File">%CSIDL_COMMON_FAVORITES% [desktop.ini]</pattern>
                        <pattern type="File">%CSIDL_COMMON_FAVORITES%\* [*]</pattern>
                    </objectSet>
                </merge>
            </rules>
        </role>
    </component>

    <!-- This component migrates Quick Launch files -->
    <component type="System" context="User">
        <displayName _locID="miguser.quicklaunch">Quick Launch</displayName>
        <paths>
            <path type="File">%CSIDL_APPDATA%\Microsoft\Internet Explorer\Quick Launch</path>
        </paths>
        <role role="Settings">
            <detects>
                <detect>
                    <condition>MigXmlHelper.DoesObjectExist("File","%CSIDL_APPDATA%\Microsoft\Internet Explorer\Quick Launch")</condition>
                </detect>
            </detects>
            <rules>
                <include filter='MigXmlHelper.IgnoreIrrelevantLinks()'>
                    <objectSet>
                        <pattern type="File">%CSIDL_APPDATA%\Microsoft\Internet Explorer\Quick Launch\* [*]</pattern>
                    </objectSet>
                </include>
                <merge script="MigXmlHelper.DestinationPriority()">
                    <objectSet>
                        <pattern type="File">%CSIDL_APPDATA%\Microsoft\Internet Explorer\Quick Launch [desktop.ini]</pattern>
                        <pattern type="File">%CSIDL_APPDATA%\Microsoft\Internet Explorer\Quick Launch\* [*]</pattern>
                    </objectSet>
                </merge>
            </rules>
        </role>
    </component>

</migration>

