<?xml version="1.0" encoding="UTF-8"?>
<migration urlid="http://www.microsoft.com/migration/1.0/migxmlext/custom">

<!-- This component migrates the printers and network drives -->
<component type="System">
    <displayName>Printers and Network Drives</displayName>
        <role role="Settings">
            <rules context="UserAndSystem">
                <include>
                    <objectSet>
                        <pattern type="Registry">HKCU\Printers\* [*]</pattern>
                        <pattern type="Registry">HKCU\Network\* [*]</pattern>
                    </objectSet>
                </include>
            </rules>
        </role>
</component>

</migration>