<?xml version="1.0" encoding="utf-8"?>
<migration urlid="http://www.microsoft.com/migration/1.0/migxmlext/win10">
  <component context="UserAndSystem" type="Application">
    <displayName>StickyNotes</displayName>
    <role role="Settings">
      <rules context="User">
        <include>
          <objectSet>
            <!-- Migrate plum.sqlite -->
            <pattern type="File">%LocalAppData%\Packages\Microsoft.MicrosoftStickyNotes_8wekyb3d8bbwe\LocalState\[plum.sqlite]</pattern>
          </objectSet>
        </include>
      </rules>
    </role>
  </component>
</migration>