<migration urlid="http://usmtgui.ehler.dk/Excl_Network_Printers">
<component type="System">
  <displayName>Registry Migration Exclusions Network Printers</displayName>
  <role role="Settings">
   <rules context="UserAndSystem">
     <unconditionalExclude>
      <objectSet>
          <pattern type="Registry">HKCU\Printers\* [*]</pattern>
          <pattern type="Registry">HKCU\Software\Microsoft\Windows NT\CurrentVersion\Devices [\\*]</pattern>
          <pattern type="Registry">HKCU\software\microsoft\windows NT\CurrentVersion\printerPorts [\\*]</pattern>
          <pattern type="Registry">HKCU\software\microsoft\windows NT\CurrentVersion\Windows [Device]</pattern>
          <pattern type="Registry">HKCU\Printers\Connections [Device]</pattern>
      </objectSet>
     </unconditionalExclude>
   </rules>
  </role>
 </component>
</migration>
