<?xml version="1.0" encoding="UTF-8"?>
<migration urlid="http://www.usmtgui.com/migration/1.0/migxmlext/ExcludeAADsettings">
 
    <_locDefinition>
     <_locDefault _loc="locNone"/>
     <_locTag _loc="locData">displayName</_locTag>
    </_locDefinition>
 
    <component type="Documents" context="UserAndSystem" id="documents"> 
        <displayName>Exclude AAD settings</displayName> 
 
        <role role="data"> 
            <rules> 
                <Exclude> 
                    <objectSet /> 
                </Exclude> 
 
                <unconditionalExclude> 
                    <objectSet>
	<!-- examples					
					<pattern type="File">%CSIDL_MYDOCUMENTS%\* [*]</pattern> 
					
					<pattern type="File">%CSIDL_LOCAL_APPDATA%\Microsoft\Windows\Caches\* [*]</pattern>
					
					-->
					
					<pattern type="File">%CSIDL_LOCAL_APPDATA%\Packages\Microsoft.AAD.BrokerPlugin_cw5n1h2txyewy\* [*]</pattern>
                    </objectSet> 
                </unconditionalExclude> 
            </rules> 
        </role> 
    </component>
 
</migration>